[
  {
    "id": "b544c2a0-7014-4ef4-b6be-a75c39ca53ba",
    "data": [
      {
        "text": "A Promised Land",
        "meta": "@sys.any",
        "alias": "book-title",
        "userDefined": true
      }
    ],
    "isTemplate": false,
    "count": 0,
    "lang": "en",
    "updated": 0
  },
  {
    "id": "d1b69c24-25f0-49f2-ac99-2597bca652d5",
    "data": [
      {
        "text": "Borrow ",
        "userDefined": false
      },
      {
        "text": "A Promised Land",
        "meta": "@sys.any",
        "alias": "book-title",
        "userDefined": true
      }
    ],
    "isTemplate": false,
    "count": 0,
    "lang": "en",
    "updated": 0
  },
  {
    "id": "44500362-2529-4e21-8f23-6f31e39070b9",
    "data": [
      {
        "text": "I would like to borrow ",
        "userDefined": false
      },
      {
        "text": "Harry Potter and the Cursed Child",
        "meta": "@sys.any",
        "alias": "book-title",
        "userDefined": true
      }
    ],
    "isTemplate": false,
    "count": 0,
    "lang": "en",
    "updated": 0
  }
]